{"zigzag_a0.2_t26": {"rmse5": 2.0, "rmse200": 1.9611, "delta_pct": 1.95, "welch_p": 1.4282434112263789e-05}, "lemniscate_a0.1_t26": {"rmse5": 1.502, "rmse200": 1.4821, "delta_pct": 1.32, "welch_p": 0.014622764830542818}, "zigzag_a0.1_t26": {"rmse5": 2.0796, "rmse200": 2.0825, "delta_pct": -0.14, "welch_p": 0.7460667635445295}, "lemniscate_a0.2_t13": {"rmse5": 0.8929, "rmse200": 0.649, "delta_pct": 27.32, "welch_p": 1.059507282127773e-18}, "zigzag_a0.2_t13": {"rmse5": 1.7128, "rmse200": 1.6215, "delta_pct": 5.33, "welch_p": 4.703294077905688e-12}, "lemniscate_a0.1_t13": {"rmse5": 0.9682, "rmse200": 0.8476, "delta_pct": 12.45, "welch_p": 6.832404026035251e-15}, "zigzag_a0.1_t13": {"rmse5": 1.7485, "rmse200": 1.6703, "delta_pct": 4.47, "welch_p": 1.347622618830569e-05}, "lemniscate_a0.2_t26": {"rmse5": 1.327, "rmse200": 1.2687, "delta_pct": 4.39, "welch_p": 2.7398668317553584e-11}}